ImageId,Class
0,0
1,1
2,0
3,1
4,0
5,0
6,1
7,0
8,0
9,1
10,1
11,1
12,1
13,1
14,1
15,1
16,1
17,1
18,1
19,0
20,1
21,0
22,0
23,1
24,1
25,1
26,0
27,1
28,0
29,0
30,0
31,0
32,0
33,0
34,0
35,1
36,1
37,1
38,0
39,1
40,0
41,0
42,1
43,1
44,0
45,0
46,0
47,0
48,0
49,1
50,0
51,1
52,0
53,0
54,0
55,1
56,1
57,0
58,0
59,0
60,1
61,0
62,1
63,0
64,1
65,1
66,0
67,0
68,1
69,0
70,1
71,0
72,1
73,1
74,1
75,0
76,1
77,0
78,1
79,0
80,1
81,1
82,0
83,1
84,1
85,1
86,0
87,0
88,1
89,1
90,0
91,1
92,0
93,0
94,1
95,1
96,1
97,0
98,1
99,1
100,1
101,1
102,1
103,0
104,1
105,0
106,0
107,1
108,1
109,1
110,1
111,0
112,1
113,1
114,0
115,0
116,1
117,0
118,1
119,0
120,1
121,0
122,0
123,1
124,1
125,0
126,0
127,1
128,0
129,0
130,0
131,1
132,1
133,0
134,0
135,1
136,0
137,0
138,1
139,1
140,1
141,0
142,0
143,1
144,1
145,1
146,1
147,0
148,1
149,1
150,0
151,0
152,1
153,1
154,0
155,0
156,0
157,0
158,0
159,0
160,1
161,1
162,0
163,1
164,1
165,1
166,0
167,1
168,0
169,1
170,0
171,1
172,0
173,1
174,0
175,1
176,1
177,1
178,1
179,0
180,0
181,1
182,0
183,1
184,1
185,1
186,0
187,0
188,1
189,1
190,0
191,1
192,0
193,1
194,1
195,0
196,0
197,1
198,1
199,0
200,1
201,0
202,0
203,1
204,0
205,0
206,1
207,0
208,0
209,0
210,1
211,1
212,1
213,0
214,0
215,1
216,1
217,0
218,1
219,1
220,0
221,0
222,1
223,1
224,1
225,1
226,1
227,0
228,0
229,0
230,0
231,0
232,0
233,1
234,1
235,0
236,1
237,1
238,0
239,1
240,1
241,1
242,1
243,0
244,0
245,1
246,1
247,0
248,0
249,1
250,1
251,0
252,1
253,1
254,1
255,1
256,0
257,0
258,0
259,0
260,0
261,1
262,0
263,0
264,0
265,1
266,1
267,0
268,0
269,1
270,1
271,1
272,1
273,1
274,1
275,0
276,1
277,1
278,1
279,1
280,1
281,0
282,0
283,1
284,1
285,0
286,0
287,0
288,0
289,0
290,1
291,1
292,0
293,1
294,0
295,1
296,1
297,0
298,0
299,0
300,0
301,1
302,1
303,1
304,0
305,0
306,1
307,0
308,1
309,0
310,0
311,0
312,1
313,0
314,1
315,0
316,0
317,0
318,1
319,0
320,0
321,1
322,0
323,1
324,0
325,0
326,1
327,0
328,1
329,1
330,0
331,1
332,0
333,0
334,0
335,0
336,1
337,0
338,1
339,1
340,1
341,0
342,0
343,1
344,1
345,0
346,1
347,0
348,0
349,1
350,1
351,1
352,1
353,1
354,1
355,0
356,0
357,1
358,1
359,0
360,1
361,1
362,1
363,1
364,0
365,0
366,0
367,0
368,0
369,0
370,1
371,1
372,1
373,1
374,0
375,1
376,1
377,0
378,1
379,0
380,1
381,0
382,1
383,1
384,1
385,1
386,0
387,0
388,0
389,1
390,0
391,1
392,0
393,0
394,0
395,1
396,1
397,1
398,0
399,0
400,1
401,0
402,1
403,0
404,0
405,1
406,1
407,0
408,0
409,0
410,1
411,1
412,1
413,1
414,1
415,1
416,0
417,0
418,1
419,0
420,0
421,1
422,1
423,1
424,0
425,0
426,0
427,1
428,1
429,0
430,0
431,1
432,1
433,1
434,1
435,1
436,0
437,1
438,0
439,1
440,1
441,1
442,0
443,1
444,1
445,0
446,1
447,1
448,0
449,0
450,1
451,1
452,1
453,0
454,1
455,1
456,1
457,0
458,0
459,1
460,0
461,0
462,1
463,0
464,0
465,1
466,1
467,1
468,0
469,1
470,1
471,0
472,1
473,1
474,0
475,0
476,1
477,0
478,0
479,0
480,0
481,0
482,0
483,0
484,0
485,1
486,0
487,1
488,1
489,1
490,1
491,1
492,1
493,1
494,0
495,0
496,0
497,1
498,1
499,0
500,0
501,1
502,1
503,0
504,0
505,1
506,1
507,1
508,0
509,1
510,1
511,0
512,1
513,1
514,0
515,0
516,0
517,1
518,1
519,0
520,1
521,1
522,0
523,0
524,1
525,1
526,0
527,0
528,1
529,1
530,0
531,0
532,0
533,1
534,0
535,1
536,0
537,1
538,0
539,0
540,0
541,0
542,0
543,0
544,1
545,0
546,0
547,1
548,0
549,0
550,1
551,1
552,1
553,0
554,0
555,1
556,1
557,1
558,0
559,0
560,0
561,1
562,0
563,0
564,0
565,1
566,1
567,1
568,0
569,1
570,0
571,1
572,0
573,1
574,0
575,1
576,1
577,0
578,0
579,1
580,1
581,0
582,0
583,1
584,0
585,0
586,1
587,1
588,1
589,1
590,1
591,0
592,0
593,1
594,1
595,0
596,0
597,0
598,1
599,0
600,0
601,1
602,1
603,1
604,0
605,0
606,1
607,1
608,1
609,1
610,1
611,1
612,0
613,1
614,0
615,0
616,0
617,1
618,1
619,1
620,0
621,0
622,1
623,1
624,1
625,1
626,0
627,1
628,0
629,0
630,1
631,1
632,0
633,1
634,0
635,0
636,1
637,0
638,1
639,0
640,0
641,1
642,0
643,0
644,1
645,1
646,1
647,0
648,0
649,0
650,1
651,1
652,1
653,0
654,0
655,0
656,1
657,0
658,1
659,0
660,1
661,0
662,0
663,1
664,1
665,1
666,1
667,1
668,1
669,1
670,1
671,1
672,0
673,0
674,1
675,0
676,1
677,0
678,0
679,1
680,1
681,0
682,0
683,1
684,0
685,0
686,0
687,1
688,0
689,0
690,0
691,1
692,0
693,1
694,1
695,1
696,0
697,1
698,0
699,1
700,1
701,0
702,1
703,0
704,1
705,1
706,0
707,0
708,1
709,0
710,0
711,0
712,0
713,0
714,0
715,1
716,1
717,1
718,0
719,0
720,1
721,1
722,0
723,0
724,1
725,1
726,1
727,0
728,0
729,0
730,0
731,0
732,1
733,0
734,1
735,0
736,0
737,1
738,0
739,0
740,0
741,1
742,0
743,0
744,0
745,1
746,0
747,0
748,0
749,1
750,0
751,0
752,1
753,0
754,0
755,1
756,0
757,0
758,0
759,1
760,0
761,0
762,1
763,0
764,0
765,1
766,1
767,1
768,0
769,1
770,0
771,0
772,0
773,0
774,0
775,1
776,0
777,0
778,1
779,0
780,0
781,1
782,0
783,0
784,0
785,1
786,1
787,0
788,0
789,1
790,0
791,0
792,0
793,0
794,0
795,0
796,1
797,1
798,0
799,1
800,0
801,1
802,1
803,1
804,0
805,0
806,1
807,0
808,0
809,1
810,0
811,0
812,1
813,1
814,1
815,0
816,1
817,0
818,0
819,1
820,0
821,1
822,1
823,0
824,1
825,1
826,0
827,0
828,1
829,0
830,0
831,1
832,1
833,0
834,1
835,1
836,1
837,0
838,0
839,0
840,0
841,0
842,0
843,0
844,1
845,0
846,1
847,1
848,0
849,1
850,0
851,1
852,0
853,1
854,0
855,1
856,0
857,0
858,1
859,1
860,1
861,0
862,0
863,1
864,0
865,0
866,1
867,0
868,0
869,0
870,0
871,1
872,0
873,0
874,1
875,0
876,0
877,1
878,0
879,0
880,1
881,1
882,0
883,0
884,1
885,0
886,1
887,1
888,1
889,1
890,0
891,0
892,0
893,0
894,0
895,0
896,0
897,1
898,1
899,0
900,1
901,1
902,0
903,1
904,1
905,0
906,1
907,1
908,1
909,0
910,1
911,0
912,1
913,0
914,0
915,1
916,0
917,0
918,0
919,0
920,1
921,0
922,0
923,1
924,1
925,0
926,0
927,0
928,0
929,0
930,1
931,1
932,1
933,0
934,0
935,0
936,0
937,0
938,0
939,0
940,1
941,1
942,0
943,1
944,1
945,0
946,0
947,1
948,0
949,1
950,0
951,1
952,0
953,0
954,0
955,1
956,1
957,1
958,0
959,1
960,1
961,1
962,0
963,0
964,1
965,0
966,1
967,1
968,1
969,1
970,0
971,0
972,1
973,1
974,0
975,1
976,1
977,1
978,1
979,0
980,1
981,1
982,0
983,0
984,1
985,0
986,0
987,1
988,1
989,0
990,0
991,1
992,0
993,0
994,0
995,0
996,1
997,0
998,1
999,1
1000,0
1001,1
1002,0
1003,0
1004,1
1005,0
1006,1
1007,1
1008,0
1009,1
1010,1
1011,0
1012,1
1013,0
1014,1
1015,1
1016,0
1017,1
1018,1
1019,1
1020,0
1021,0
1022,1
1023,1
1024,1
1025,1
1026,0
1027,1
1028,0
1029,1
1030,1
1031,1
1032,1
1033,1
1034,0
1035,1
1036,1
1037,1
1038,0
1039,1
1040,1
1041,1
1042,1
1043,0
1044,0
1045,1
1046,0
1047,0
1048,1
1049,0
1050,0
1051,1
1052,0
1053,1
1054,1
1055,0
1056,1
1057,1
1058,0
1059,1
1060,1
1061,0
1062,1
1063,0
1064,1
1065,0
1066,1
1067,0
1068,1
1069,1
1070,1
1071,0
1072,1
1073,1
1074,1
1075,1
1076,0
1077,0
1078,1
1079,1
1080,1
1081,0
1082,0
1083,1
1084,1
1085,1
1086,0
1087,1
1088,1
1089,0
1090,1
1091,0
1092,1
1093,1
1094,1
1095,1
1096,0
1097,1
1098,0
1099,0
1100,0
1101,0
1102,0
1103,0
1104,1
1105,1
1106,1
1107,1
1108,1
1109,0
1110,1
1111,0
1112,0
1113,1
1114,0
1115,0
1116,0
1117,0
1118,1
1119,0
1120,1
1121,0
1122,1
1123,0
1124,1
1125,0
1126,1
1127,0
1128,1
1129,0
1130,0
1131,1
1132,0
1133,0
1134,1
1135,0
1136,1
1137,1
1138,1
1139,1
1140,1
1141,1
1142,1
1143,0
1144,1
1145,0
1146,0
1147,1
1148,1
1149,0
1150,0
1151,1
1152,1
1153,0
1154,1
1155,0
1156,1
1157,0
1158,0
1159,1
1160,0
1161,1
1162,0
1163,0
1164,0
1165,1
1166,0
1167,0
1168,1
1169,1
1170,1
1171,0
1172,1
1173,0
1174,0
1175,1
1176,0
1177,0
1178,1
1179,0
1180,1
1181,1
1182,1
1183,1
1184,0
1185,1
1186,1
1187,0
1188,0
1189,0
1190,1
1191,1
1192,1
1193,1
1194,1
1195,1
1196,1
1197,0
1198,1
1199,0
1200,1
1201,0
1202,1
1203,0
1204,1
1205,1
1206,0
1207,1
1208,0
1209,0
1210,1
1211,1
1212,0
1213,0
1214,1
1215,1
1216,0
1217,1
1218,1
1219,1
1220,0
1221,1
1222,0
1223,1
1224,0
1225,1
1226,1
1227,0
1228,1
1229,1
1230,0
1231,1
1232,1
1233,0
1234,1
1235,1
1236,1
1237,0
1238,1
1239,0
1240,0
1241,0
1242,1
1243,1
1244,1
1245,0
1246,1
1247,1
1248,0
1249,0
1250,0
1251,0
1252,1
1253,1
1254,0
1255,1
1256,1
1257,0
1258,1
1259,1
1260,1
1261,0
1262,0
1263,1
1264,1
1265,0
1266,1
1267,1
1268,1
1269,1
1270,1
1271,0
1272,1
1273,0
1274,0
1275,0
1276,0
1277,1
1278,0
1279,1
1280,1
1281,1
1282,0
1283,1
1284,0
1285,1
1286,1
1287,1
1288,1
1289,1
1290,1
1291,0
1292,1
1293,0
1294,0
1295,0
1296,0
1297,1
1298,0
1299,1
1300,1
1301,1
1302,1
1303,1
1304,0
1305,1
1306,0
1307,1
1308,1
1309,0
1310,0
1311,1
1312,0
1313,1
1314,1
1315,0
1316,1
1317,1
1318,1
1319,1
1320,0
1321,1
1322,0
1323,0
1324,0
1325,1
1326,0
1327,1
1328,0
1329,0
1330,0
1331,0
1332,1
1333,1
1334,0
1335,0
1336,1
1337,0
1338,0
1339,0
1340,1
1341,0
1342,0
1343,1
1344,0
1345,0
1346,1
1347,1
1348,1
1349,0
1350,0
1351,1
1352,1
1353,1
1354,0
1355,1
1356,1
1357,1
1358,0
1359,1
1360,1
1361,0
1362,0
1363,1
1364,1
1365,1
1366,1
1367,1
1368,1
1369,1
1370,1
1371,0
1372,0
1373,0
1374,1
1375,1
1376,1
1377,0
1378,0
1379,0
1380,1
1381,0
1382,1
1383,1
1384,1
1385,0
1386,0
1387,1
1388,1
1389,1
1390,0
1391,0
1392,0
1393,0
1394,1
1395,1
1396,1
1397,0
1398,1
1399,0
1400,1
1401,1
1402,1
1403,1
1404,1
1405,1
1406,1
1407,1
1408,0
1409,0
1410,0
1411,0
1412,0
1413,1
1414,0
1415,1
1416,0
1417,0
1418,1
1419,1
1420,1
1421,1
1422,0
1423,1
1424,0
1425,1
1426,1
1427,0
1428,1
1429,1
1430,0
1431,0
1432,1
1433,0
1434,0
1435,0
1436,0
1437,0
1438,0
1439,0
1440,1
1441,1
1442,1
1443,1
1444,0
1445,1
1446,0
1447,1
1448,1
1449,0
1450,1
1451,1
1452,1
1453,1
1454,0
1455,1
1456,1
1457,1
1458,0
1459,0
1460,0
1461,1
1462,1
1463,1
1464,1
1465,1
1466,1
1467,1
1468,0
1469,0
1470,1
1471,1
1472,0
1473,0
1474,0
1475,1
1476,1
1477,1
1478,0
1479,0
1480,1
1481,1
1482,0
1483,0
1484,1
1485,0
1486,1
1487,1
1488,0
1489,1
1490,0
1491,1
1492,0
1493,0
1494,1
1495,1
1496,1
1497,1
1498,1
1499,1
1500,1
1501,1
1502,0
1503,0
1504,1
1505,0
1506,0
1507,0
1508,1
1509,1
1510,0
1511,1
1512,0
1513,1
1514,0
1515,1
1516,0
1517,0
1518,0
1519,1
1520,1
1521,1
1522,0
1523,1
1524,0
1525,0
1526,1
1527,1
1528,0
1529,0
1530,0
1531,1
1532,1
1533,0
1534,1
1535,1
1536,0
1537,1
1538,0
1539,1
1540,0
1541,0
1542,1
1543,1
1544,1
1545,1
1546,0
1547,1
1548,0
1549,1
1550,0
1551,1
1552,1
1553,1
1554,0
1555,0
1556,1
1557,0
1558,0
1559,0
1560,0
1561,0
1562,0
1563,1
1564,0
1565,1
1566,0
1567,0
1568,0
1569,0
1570,1
1571,1
1572,0
1573,0
1574,0
1575,1
1576,0
1577,0
1578,1
1579,1
1580,0
1581,1
1582,0
1583,1
1584,1
1585,0
1586,1
1587,1
1588,0
1589,0
1590,1
1591,0
1592,1
1593,1
1594,0
1595,0
1596,1
1597,0
1598,1
1599,1
1600,1
1601,1
1602,1
1603,1
1604,0
1605,1
1606,0
1607,1
1608,1
1609,0
1610,0
1611,0
1612,1
1613,1
1614,1
1615,1
1616,0
1617,0
1618,0
1619,0
1620,0
1621,1
1622,1
1623,0
1624,1
1625,0
1626,1
1627,1
1628,0
1629,1
1630,0
1631,1
1632,1
1633,0
1634,0
1635,0
1636,0
1637,1
1638,1
1639,1
1640,1
1641,1
1642,1
1643,1
1644,0
1645,1
1646,0
1647,0
1648,0
1649,1
1650,0
1651,1
1652,0
1653,0
1654,1
1655,1
1656,0
1657,1
1658,0
1659,1
1660,0
1661,1
1662,1
1663,1
1664,0
1665,0
1666,0
1667,0
1668,0
1669,0
1670,1
1671,1
1672,0
1673,1
1674,0
1675,1
1676,1
1677,1
1678,1
1679,1
1680,0
1681,1
1682,1
1683,1
1684,0
1685,0
1686,0
1687,0
1688,1
1689,0
1690,1
1691,1
1692,1
1693,0
1694,0
1695,0
1696,1
1697,1
1698,0
1699,1
1700,0
1701,0
1702,1
1703,1
1704,1
1705,1
1706,1
1707,0
1708,1
1709,1
1710,1
1711,0
1712,0
1713,1
1714,0
1715,0
1716,1
1717,1
1718,1
1719,0
1720,1
1721,1
1722,0
1723,1
1724,0
1725,1
1726,0
1727,1
1728,0
1729,0
1730,1
1731,1
1732,0
1733,1
1734,0
1735,0
1736,1
1737,1
1738,0
1739,0
1740,1
1741,1
1742,1
1743,1
1744,0
1745,1
1746,0
1747,0
1748,0
1749,0
1750,0
1751,0
1752,0
1753,0
1754,1
1755,1
1756,0
1757,1
1758,0
1759,1
1760,0
1761,0
1762,0
1763,1
1764,0
1765,1
1766,1
1767,0
1768,1
1769,1
1770,1
1771,0
1772,1
1773,0
1774,1
1775,1
1776,1
1777,0
1778,1
1779,1
1780,0
1781,0
1782,1
1783,0
1784,0
1785,0
1786,0
1787,0
1788,1
1789,1
1790,1
1791,1
1792,1
1793,0
1794,1
1795,1
1796,1
1797,0
1798,0
1799,0
1800,0
1801,1
1802,0
1803,1
1804,0
1805,0
1806,1
1807,1
1808,0
1809,0
1810,1
1811,0
1812,0
1813,0
1814,1
1815,0
1816,1
1817,1
1818,0
1819,1
1820,1
1821,0
1822,1
1823,0
1824,0
1825,1
1826,1
1827,0
1828,1
1829,1
1830,1
1831,1
1832,1
1833,1
1834,0
1835,1
1836,0
1837,0
1838,0
1839,0
1840,0
1841,1
1842,0
1843,0
1844,0
1845,0
1846,1
1847,1
1848,1
1849,1
1850,1
1851,0
1852,0
1853,1
1854,0
1855,1
1856,0
1857,1
1858,1
1859,1
1860,0
1861,0
1862,0
1863,0
1864,1
1865,1
1866,0
1867,1
1868,0
1869,0
1870,1
1871,1
1872,1
1873,0
1874,1
1875,0
1876,1
1877,0
1878,0
1879,0
1880,0
1881,1
1882,0
1883,1
1884,0
1885,0
1886,0
1887,0
1888,0
1889,0
1890,0
1891,0
1892,1
1893,0
1894,0
1895,0
1896,1
1897,1
1898,1
1899,1
1900,1
1901,0
1902,1
1903,0
1904,0
1905,0
1906,0
1907,1
1908,1
1909,1
1910,0
1911,1
1912,1
1913,1
1914,0
1915,1
1916,0
1917,0
1918,0
1919,0
1920,0
1921,0
1922,1
1923,0
1924,0
1925,1
1926,1
1927,0
1928,1
1929,0
1930,1
1931,0
1932,1
1933,0
1934,0
1935,1
1936,1
1937,1
1938,0
1939,1
1940,0
1941,1
1942,1
1943,0
1944,1
1945,0
1946,0
1947,0
1948,0
1949,1
1950,1
1951,1
1952,1
1953,0
1954,1
1955,1
1956,1
1957,0
1958,1
1959,0
1960,1
1961,1
1962,0
1963,0
1964,0
1965,0
1966,1
1967,0
1968,1
1969,1
1970,1
1971,1
1972,0
1973,1
1974,0
1975,0
1976,1
1977,0
1978,0
1979,0
1980,1
1981,0
1982,0
1983,0
1984,0
1985,0
1986,0
1987,1
1988,0
1989,1
1990,0
1991,0
1992,1
1993,0
1994,1
1995,0
1996,1
1997,0
1998,0
1999,0
2000,0
2001,1
2002,0
2003,0
2004,1
2005,1
2006,0
2007,1
2008,0
2009,0
2010,1
2011,1
2012,1
2013,1
2014,0
2015,0
2016,0
2017,0
2018,0
2019,1
2020,0
2021,0
2022,0
2023,1
2024,1
2025,1
2026,1
2027,1
2028,0
2029,0
2030,1
2031,1
2032,1
2033,1
2034,0
2035,1
2036,1
2037,0
2038,0
2039,1
2040,0
2041,0
2042,0
2043,0
2044,1
2045,0
2046,0
2047,0
2048,1
2049,0
2050,0
2051,0
2052,0
2053,1
2054,1
2055,0
2056,0
2057,0
2058,1
2059,0
2060,1
2061,1
2062,1
2063,0
2064,1
2065,1
2066,0
2067,0
2068,0
2069,1
2070,1
2071,1
2072,0
2073,1
2074,0
2075,1
2076,1
2077,1
2078,1
2079,0
2080,1
2081,1
2082,0
2083,1
2084,0
2085,0
2086,0
2087,0
2088,1
2089,0
2090,0
2091,1
2092,1
2093,0
2094,1
2095,1
2096,1
2097,0
2098,0
2099,1
2100,0
2101,1
2102,0
2103,0
2104,1
2105,1
2106,0
2107,1
2108,0
2109,0
2110,1
2111,1
2112,1
2113,1
2114,0
2115,1
2116,1
2117,1
2118,0
2119,1
2120,0
2121,1
2122,1
2123,1
2124,0
2125,1
2126,1
2127,0
2128,1
2129,1
2130,1
2131,1
2132,1
2133,1
2134,1
2135,1
2136,1
2137,1
2138,0
2139,0
2140,1
2141,1
2142,1
2143,1
2144,1
2145,1
2146,0
2147,0
2148,1
2149,1
2150,0
2151,0
2152,0
2153,0
2154,0
2155,1
2156,0
2157,0
2158,0
2159,1
2160,0
2161,1
2162,0
2163,0
2164,0
2165,0
2166,1
2167,0
2168,1
2169,1
2170,1
2171,1
2172,0
2173,0
2174,1
2175,0
2176,0
2177,1
2178,0
2179,0
2180,0
2181,0
2182,1
2183,1
2184,0
2185,1
2186,0
2187,0
2188,0
2189,0
2190,0
2191,0
2192,1
2193,1
2194,0
2195,1
2196,0
2197,1
2198,1
2199,0
2200,1
2201,0
2202,0
2203,1
2204,0
2205,0
2206,0
2207,1
2208,0
2209,0
2210,1
2211,1
2212,1
2213,0
2214,0
2215,1
2216,0
2217,0
2218,0
2219,0
2220,1
2221,0
2222,0
2223,0
2224,0
2225,1
2226,1
2227,1
2228,0
2229,1
2230,1
2231,0
2232,0
2233,0
2234,0
2235,1
2236,1
2237,1
2238,0
2239,1
2240,0
2241,0
2242,1
2243,1
2244,1
2245,1
2246,0
2247,1
2248,1
2249,0
2250,1
2251,1
2252,1
2253,0
2254,1
2255,0
2256,0
2257,1
2258,1
2259,1
2260,0
2261,1
2262,0
2263,1
2264,1
2265,1
2266,1
2267,0
2268,1
2269,1
2270,0
2271,1
2272,1
2273,1
2274,0
2275,1
2276,0
2277,1
2278,0
2279,1
2280,0
2281,0
2282,1
2283,0
2284,0
2285,1
2286,0
2287,1
2288,0
2289,1
2290,1
2291,1
2292,0
2293,0
2294,1
2295,0
2296,1
2297,1
2298,0
2299,1
2300,0
2301,0
2302,1
2303,0
2304,0
2305,0
2306,0
2307,0
2308,1
2309,1
2310,0
2311,1
2312,1
2313,1
2314,1
2315,0
2316,1
2317,0
2318,0
2319,1
2320,1
2321,0
2322,1
2323,1
2324,0
2325,0
2326,0
2327,0
2328,1
2329,1
2330,0
2331,0
2332,0
2333,0
2334,0
2335,0
2336,0
2337,1
2338,1
2339,1
2340,1
2341,0
2342,0
2343,0
2344,0
2345,1
2346,0
2347,0
2348,0
2349,1
2350,1
2351,1
2352,1
2353,1
2354,0
2355,1
2356,1
2357,1
2358,0
2359,1
2360,0
2361,0
2362,0
2363,1
2364,1
2365,1
2366,1
2367,1
2368,0
2369,0
2370,1
2371,0
2372,0
2373,1
2374,0
2375,0
2376,0
2377,1
2378,0
2379,1
2380,1
2381,1
2382,1
2383,1
2384,0
2385,1
2386,0
2387,1
2388,1
2389,1
2390,1
2391,0
2392,1
2393,1
2394,1
2395,1
2396,1
2397,1
2398,1
2399,1
2400,1
2401,0
2402,1
2403,0
2404,0
2405,0
2406,0
2407,1
2408,1
2409,0
2410,0
2411,0
2412,0
2413,0
2414,1
2415,0
2416,1
2417,0
2418,0
2419,0
2420,0
2421,1
2422,0
2423,0
2424,1
2425,0
2426,0
2427,0
2428,0
2429,1
2430,1
2431,1
2432,1
2433,1
2434,0
2435,1
2436,1
2437,0
2438,0
2439,1
2440,0
2441,0
2442,0
2443,0
2444,1
2445,1
2446,0
2447,1
2448,0
2449,0
2450,0
2451,1
2452,0
2453,0
2454,0
2455,0
2456,0
2457,1
2458,1
2459,0
2460,0
2461,0
2462,1
2463,1
2464,1
2465,0
2466,1
2467,1
2468,0
2469,0
2470,1
2471,0
2472,0
2473,1
2474,0
2475,0
2476,0
2477,0
2478,0
2479,0
2480,1
2481,1
2482,0
2483,0
2484,1
2485,1
2486,1
2487,0
2488,1
2489,0
2490,1
2491,0
2492,0
2493,0
2494,1
2495,0
2496,1
2497,1
2498,0
2499,1
2500,0
2501,1
2502,1
2503,0
2504,0
2505,0
2506,0
2507,0
2508,0
2509,1
2510,0
2511,1
2512,0
2513,1
2514,1
2515,0
2516,1
2517,1
2518,0
2519,1
2520,0
2521,1
2522,1
2523,1
2524,1
2525,0
2526,0
2527,1
2528,1
2529,1
2530,1
2531,0
2532,0
2533,1
2534,1
2535,0
2536,1
2537,1
2538,1
2539,0
2540,1
2541,1
2542,1
2543,1
2544,0
2545,1
2546,1
2547,1
2548,1
2549,1
2550,1
2551,1
2552,0
2553,0
2554,0
2555,0
2556,0
2557,1
2558,1
2559,1
2560,1
2561,0
2562,0
2563,0
2564,1
2565,1
2566,0
2567,0
2568,0
2569,0
2570,1
2571,1
2572,0
2573,1
2574,1
2575,1
2576,0
2577,1
2578,0
2579,1
2580,0
2581,1
2582,0
2583,1
2584,0
2585,0
2586,1
2587,1
2588,0
2589,1
2590,1
2591,0
2592,0
2593,1
2594,1
2595,1
2596,1
2597,1
2598,1
2599,0
2600,1
2601,0
2602,1
2603,0
2604,1
2605,1
2606,1
2607,1
2608,0
2609,0
2610,0
2611,0
2612,0
2613,1
2614,1
2615,0
2616,0
2617,1
2618,0
2619,0
2620,1
2621,1
2622,1
2623,0
2624,0
2625,0
2626,0
2627,1
2628,1
2629,1
2630,0
2631,0
2632,1
2633,0
2634,0
2635,0
2636,1
2637,1
2638,0
2639,1
2640,0
2641,0
2642,1
2643,1
2644,0
2645,0
2646,0
2647,0
2648,0
2649,1
2650,1
2651,0
2652,0
2653,1
2654,0
2655,1
2656,0
2657,0
2658,1
2659,0
2660,0
2661,0
2662,0
2663,0
2664,1
2665,1
2666,1
2667,1
2668,1
2669,1
2670,1
2671,1
2672,0
2673,0
2674,0
2675,1
2676,1
2677,0
2678,0
2679,0
2680,1
2681,0
2682,0
2683,0
2684,0
2685,0
2686,1
2687,1
2688,1
2689,0
2690,0
2691,1
2692,1
2693,0
2694,0
2695,1
2696,0
2697,0
2698,1
2699,0
2700,1
2701,0
2702,1
2703,1
2704,0
2705,1
2706,1
2707,1
2708,0
2709,0
2710,0
2711,1
2712,0
2713,1
2714,0
2715,0
2716,1
2717,0
2718,1
2719,0
2720,0
2721,1
2722,0
2723,1
2724,1
2725,1
2726,1
2727,1
2728,1
2729,1
2730,0
2731,0
2732,0
2733,1
2734,1
2735,1
2736,1
2737,0
2738,1
2739,1
2740,0
2741,0
2742,0
2743,1
2744,0
2745,0
2746,0
2747,1
2748,1
2749,1
2750,1
2751,1
2752,1
2753,1
2754,0
2755,1
2756,0
2757,1
2758,1
2759,1
2760,0
2761,1
2762,1
2763,1
2764,0
2765,1
2766,1
2767,0
2768,0
2769,0
2770,0
2771,1
2772,0
2773,1
2774,1
2775,0
2776,1
2777,0
2778,0
2779,0
2780,0
2781,0
2782,1
2783,1
2784,1
2785,0
2786,0
2787,0
2788,1
2789,1
2790,1
2791,0
2792,0
2793,1
2794,0
2795,1
2796,0
2797,0
2798,1
2799,1
2800,1
2801,0
2802,0
2803,1
2804,0
2805,0
2806,0
2807,0
2808,0
2809,0
2810,1
2811,1
2812,0
2813,0
2814,1
2815,0
2816,1
2817,1
2818,0
2819,1
2820,1
2821,1
2822,1
2823,1
2824,1
2825,1
2826,0
2827,0
2828,0
2829,1
2830,0
2831,1
2832,1
2833,0
2834,1
2835,0
2836,0
2837,1
2838,1
2839,1
2840,1
2841,1
2842,1
2843,1
2844,0
2845,0
2846,0
2847,0
2848,1
2849,0
2850,0
2851,1
2852,1
2853,0
2854,1
2855,1
2856,0
2857,0
2858,1
2859,1
2860,0
2861,1
2862,0
2863,1
2864,0
2865,1
2866,0
2867,0
2868,0
2869,0
2870,0
2871,1
2872,0
2873,1
2874,1
2875,1
2876,1
2877,0
2878,1
2879,1
2880,0
2881,0
2882,0
2883,0
2884,1
2885,0
2886,1
2887,0
2888,0
2889,1
2890,1
2891,1
2892,0
2893,1
2894,1
2895,0
2896,0
2897,1
2898,0
2899,1
2900,0
2901,0
2902,1
2903,0
2904,1
2905,1
2906,1
2907,1
2908,0
2909,1
2910,1
2911,0
2912,1
2913,0
2914,0
2915,0
2916,1
2917,1
2918,1
2919,1
2920,1
2921,0
2922,1
2923,1
2924,0
2925,1
2926,0
2927,1
2928,1
2929,0
2930,1
2931,0
2932,1
2933,1
2934,1
2935,0
2936,1
2937,1
2938,1
2939,1
2940,0
2941,1
2942,1
2943,1
2944,1
2945,1
2946,0
2947,0
2948,0
2949,1
2950,1
2951,0
2952,0
2953,1
2954,0
2955,1
2956,1
2957,1
2958,1
2959,1
2960,1
2961,0
2962,1
2963,1
2964,1
2965,1
2966,0
2967,0
2968,0
2969,1
2970,0
2971,0
2972,0
2973,1
2974,0
2975,0
2976,1
2977,0
2978,0
2979,1
2980,1
2981,0
2982,1
2983,0
2984,1
2985,0
2986,1
2987,1
2988,0
2989,0
2990,0
2991,0
2992,1
2993,0
2994,1
2995,0
2996,0
2997,0
2998,1
2999,1
